talk_id,rank,words_no,top1k,top3k,top5k,top10k,top50k
2790,4.2,4,2,0,0,0,0
117,4.0,4,1,1,0,0,0
2701,2.5,6,3,1,0,0,0
110,2.0,7,4,1,0,0,0
1323,2.1,8,5,1,0,0,0
81,2.1,8,4,2,0,0,0
1117,2.7,8,4,1,0,0,0
101,3.0,8,4,1,0,0,0
1500,3.6,8,4,1,0,1,0
1262,5.5,8,3,1,1,0,1
755,2.0,10,6,2,1,0,0
2250,2.3,10,6,2,0,0,0
153,4.0,10,5,1,0,1,1
119,5.3,10,4,2,1,1,2
1431,3.2,11,6,2,0,1,1
1750,3.4,11,5,2,1,1,1
1173,4.3,11,5,2,1,1,1
383,3.7,11,5,2,0,1,1
1661,4.8,11,4,1,1,2,1
736,4.9,11,5,2,1,0,2
587,4.8,11,4,2,1,1,2
1470,5.4,11,3,2,0,1,2
298,1.9,12,7,2,0,0,0
1716,2.8,12,6,2,1,0,1
381,4.0,12,7,1,0,1,1
975,4.7,12,6,1,0,1,1
1609,4.1,12,5,2,1,1,1
1397,4.6,12,5,2,1,1,1
959,4.0,12,5,2,0,1,1
849,4.4,12,4,2,1,1,1
1962,4.9,12,5,2,1,1,2
1176,2.6,13,8,1,1,0,1
553,2.6,13,8,2,0,1,1
1763,3.5,13,7,2,1,1,1
1704,4.1,13,6,2,1,1,1
1469,3.3,13,5,3,1,1,1
1171,4.0,13,7,2,0,0,2
1411,5.4,13,6,2,1,1,2
490,4.2,13,6,2,0,1,2
2345,2.8,14,8,2,0,1,1
1286,3.4,14,8,1,1,1,1
2117,2.8,14,7,2,1,1,1
2049,3.5,14,7,2,1,1,1
196,3.6,14,7,2,1,1,1
1178,4.0,14,7,2,1,1,1
1282,4.1,14,7,2,1,1,1
235,3.5,14,6,3,1,1,1
623,3.6,14,6,3,1,1,1
1281,4.1,14,6,3,1,1,1
2851,4.4,14,4,4,2,2,1
360,4.7,14,6,3,0,1,2
588,4.3,14,6,2,1,1,2
901,5.3,14,5,2,1,1,2
2313,5.5,14,6,2,1,2,2
1167,3.0,15,8,3,1,1,1
511,3.5,15,8,2,1,1,1
523,3.5,15,7,2,1,1,1
683,3.6,15,7,3,1,2,1
407,3.8,15,7,3,1,2,1
1140,4.1,15,7,2,1,2,1
236,4.8,15,7,3,1,1,2
1444,4.6,15,7,3,0,1,2
681,4.3,15,7,2,1,1,2
856,4.4,15,7,2,1,1,2
1301,4.0,15,6,3,1,1,2
1134,4.8,15,6,2,0,2,2
551,5.7,15,5,3,1,2,3
1796,2.9,16,9,3,1,0,1
1634,2.3,16,9,3,1,1,1
1228,2.8,16,9,3,1,1,1
2798,3.3,16,9,3,1,1,1
282,3.1,16,9,2,1,1,1
572,2.8,16,8,3,1,1,1
2031,2.9,16,8,3,1,1,1
1665,3.7,16,7,4,1,1,1
2089,3.8,16,7,3,1,1,1
356,3.8,16,8,2,1,2,1
563,3.6,16,7,3,1,2,1
1726,3.9,16,9,3,0,1,2
1109,3.4,16,8,3,1,1,2
1963,4.2,16,7,3,1,1,2
811,4.5,16,7,3,1,1,2
1111,4.6,16,7,3,1,1,2
1581,4.6,16,7,3,1,1,2
252,4.8,16,6,3,1,1,2
1210,4.1,16,8,3,1,2,2
1326,4.6,16,8,2,0,2,2
2763,4.1,16,7,3,1,2,2
1252,5.2,16,6,2,1,2,2
1096,2.6,17,9,4,1,1,1
2100,3.0,17,9,3,1,1,1
1298,3.8,17,8,3,2,1,1
292,3.5,17,8,2,1,2,1
1592,3.8,17,7,3,1,2,1
1804,3.9,17,9,3,1,1,2
1643,3.9,17,8,3,1,1,2
408,4.2,17,8,3,1,1,2
836,4.4,17,7,4,2,1,2
860,4.3,17,7,3,2,1,2
594,4.4,17,8,3,1,2,2
531,4.2,17,7,3,1,2,2
201,4.1,17,7,2,1,2,2
2047,4.9,17,7,3,1,3,2
10,5.9,17,6,4,1,1,3
2589,5.0,17,7,3,1,2,3
131,5.2,17,7,2,1,2,3
566,4.9,17,5,4,1,2,3
2237,5.4,17,6,4,1,3,3
1413,6.1,17,6,2,1,2,4
642,3.0,18,11,3,1,1,1
518,3.1,18,9,3,1,1,1
2869,3.3,18,8,4,1,1,1
1862,3.6,18,8,4,1,1,1
1915,3.7,18,9,3,2,1,2
2482,3.9,18,9,2,2,1,2
2028,3.8,18,8,4,1,1,2
1792,3.9,18,8,4,1,1,2
2073,4.2,18,8,4,1,1,2
1700,4.3,18,8,4,1,1,2
734,4.2,18,8,3,2,1,2
218,4.4,18,8,3,2,1,2
1508,4.7,18,9,2,1,2,2
1448,3.8,18,8,3,2,2,2
1187,3.9,18,8,3,2,2,2
2138,4.4,18,8,3,1,2,2
1204,4.3,18,7,4,2,2,2
239,4.1,18,8,4,1,1,3
26,5.3,18,7,3,2,1,3
803,4.4,18,8,3,1,2,3
1219,5.5,18,8,2,1,2,3
412,5.0,18,7,3,1,2,3
2756,5.3,18,6,4,1,2,3
1122,5.8,18,6,4,1,2,3
2837,3.0,19,10,4,1,1,1
1001,3.2,19,9,5,1,1,1
1144,3.6,19,10,3,1,2,1
2795,3.3,19,9,4,1,2,1
1697,3.5,19,10,4,1,1,2
578,3.8,19,10,3,1,1,2
158,3.8,19,10,2,1,1,2
2161,3.5,19,9,4,1,1,2
957,3.8,19,9,3,1,1,2
997,3.9,19,9,3,1,1,2
1608,3.7,19,9,3,1,2,2
565,3.9,19,8,4,1,2,2
2536,4.3,19,8,4,1,2,2
654,3.8,19,8,3,2,2,2
2157,4.6,19,7,4,2,2,2
2092,5.0,19,9,3,2,1,3
682,4.4,19,7,5,1,1,3
1104,4.7,19,8,3,2,2,3
2052,4.9,19,7,4,2,2,3
1781,5.3,19,7,3,1,2,3
2245,5.5,19,7,4,1,2,4
1639,5.5,19,6,4,1,2,4
2280,6.5,19,5,4,2,2,4
1136,2.3,20,11,4,1,1,1
1161,3.4,20,10,4,1,1,1
1600,3.0,20,10,4,2,2,1
1353,3.3,20,9,4,2,2,1
1518,3.8,20,10,4,1,1,2
2136,3.6,20,10,3,1,1,2
1238,3.9,20,9,5,1,1,2
2180,4.2,20,9,5,1,1,2
684,3.7,20,9,4,1,1,2
1973,3.6,20,8,4,2,1,2
789,3.2,20,10,4,1,2,2
82,3.7,20,10,4,1,2,2
149,4.0,20,10,4,1,2,2
1420,3.8,20,10,3,2,2,2
2882,3.5,20,9,4,1,2,2
1495,4.2,20,9,4,0,2,2
1885,4.2,20,9,3,1,2,2
1385,4.2,20,9,4,1,3,2
2368,4.7,20,9,3,1,3,2
2758,4.0,20,8,4,2,3,2
664,4.3,20,9,4,2,1,3
188,4.2,20,9,3,2,1,3
710,4.3,20,10,3,2,2,3
1006,4.4,20,9,3,2,2,3
165,4.8,20,9,3,0,2,3
966,4.8,20,8,4,2,2,3
1991,4.9,20,8,4,2,2,3
986,4.8,20,8,4,1,2,3
657,5.1,20,8,4,1,2,3
719,5.3,20,8,4,1,2,3
894,5.1,20,7,4,2,2,3
2309,4.6,20,8,4,2,3,3
626,4.7,20,8,4,1,3,3
2760,4.9,20,8,4,0,3,3
2014,6.4,20,6,3,2,3,5
2096,2.6,21,12,4,1,1,1
1646,2.9,21,11,4,2,1,1
1736,3.0,21,11,4,2,2,1
2232,3.2,21,10,5,1,2,1
2208,3.3,21,10,4,2,2,1
1061,3.5,21,11,4,1,2,2
1699,3.8,21,11,2,2,2,2
2538,3.2,21,10,5,1,2,2
1451,3.6,21,10,4,1,2,2
203,3.7,21,9,5,2,2,2
2548,4.5,21,9,5,2,2,2
1482,3.7,21,9,5,2,3,2
2766,4.5,21,8,4,1,4,2
2304,4.0,21,11,3,1,1,3
2244,4.3,21,10,3,1,2,3
2755,4.5,21,9,5,1,2,3
1068,4.2,21,9,4,2,2,3
1537,4.2,21,9,4,1,2,3
1415,5.0,21,9,4,1,2,3
786,4.3,21,9,3,2,2,3
2064,4.4,21,8,4,2,2,3
2657,4.6,21,8,4,2,2,3
2160,4.8,21,7,5,2,2,3
2063,4.9,21,7,4,2,2,3
783,4.3,21,9,3,2,3,3
1404,5.0,21,9,3,2,3,3
601,6.0,21,8,3,1,3,4
2822,5.6,21,7,3,2,3,4
1602,2.9,22,12,4,1,2,1
846,3.2,22,9,5,2,3,1
1212,3.0,22,12,4,2,1,2
1071,3.2,22,12,4,1,1,2
2212,3.2,22,12,3,2,1,2
2059,3.5,22,11,5,2,1,2
2457,3.1,22,11,4,1,1,2
2062,3.9,22,11,3,2,2,2
911,4.1,22,9,5,2,2,2
828,4.2,22,10,5,1,3,2
862,4.0,22,10,3,2,3,2
788,3.8,22,9,5,2,3,2
1730,3.6,22,11,5,1,1,3
1498,3.9,22,11,4,1,1,3
423,4.3,22,11,4,1,1,3
1745,4.1,22,11,4,1,2,3
1430,4.3,22,11,4,1,2,3
1603,4.0,22,11,3,1,2,3
1849,4.3,22,10,4,1,2,3
1709,4.9,22,10,4,1,2,3
222,4.3,22,10,3,2,2,3
1624,4.6,22,10,3,2,2,3
2306,4.5,22,10,3,1,2,3
805,5.0,22,9,4,2,2,3
1390,4.3,22,9,4,1,2,3
2496,5.1,22,8,5,2,2,3
2071,5.1,22,8,4,2,2,3
2314,5.0,22,9,4,2,3,3
1450,4.6,22,9,3,2,3,3
1206,5.1,22,8,5,2,3,3
900,5.1,22,9,3,2,2,4
2249,5.3,22,9,3,1,3,4
2761,4.9,22,8,4,2,3,4
1215,6.0,22,8,4,1,3,4
516,5.9,22,7,3,2,3,4
2765,5.9,22,6,4,1,4,4
2454,3.4,23,10,5,2,3,1
1663,3.5,23,12,4,2,1,2
2786,3.5,23,12,4,1,1,2
2195,4.0,23,10,5,2,1,2
2488,3.1,23,13,3,2,2,2
2012,3.3,23,12,4,1,2,2
1299,3.6,23,11,5,2,2,2
2061,3.7,23,11,4,2,2,2
1744,4.0,23,11,4,1,2,2
2238,3.7,23,10,5,2,2,2
752,3.9,23,10,5,2,2,2
2324,3.4,23,10,4,2,2,2
2649,3.9,23,10,4,2,2,2
1435,3.8,23,10,5,1,3,2
502,3.6,23,12,5,1,1,3
1058,4.3,23,12,3,2,1,3
2729,3.8,23,10,4,2,1,3
1471,3.8,23,12,4,1,2,3
602,4.5,23,11,4,2,2,3
766,4.7,23,11,4,1,2,3
2158,4.8,23,11,3,2,2,3
1992,4.1,23,10,5,1,2,3
2437,4.0,23,10,4,2,2,3
2162,4.2,23,10,4,2,2,3
2697,4.2,23,10,4,2,2,3
1371,4.3,23,10,4,2,2,3
2149,4.4,23,9,5,3,2,3
2696,4.5,23,9,5,3,2,3
2018,4.4,23,9,5,2,2,3
2872,5.1,23,9,4,2,2,3
1798,4.8,23,8,5,2,2,3
2614,4.2,23,9,5,2,3,3
2150,4.3,23,9,5,2,3,3
978,4.5,23,9,5,2,3,3
2829,4.8,23,9,5,2,3,3
2407,4.8,23,9,4,2,3,3
2213,4.8,23,8,4,2,3,3
592,4.6,23,11,4,2,1,4
1976,4.9,23,9,4,1,2,4
1626,5.6,23,8,5,2,3,4
838,3.3,24,11,5,2,2,2
556,3.6,24,11,5,2,2,2
1814,3.6,24,11,4,3,2,2
1182,3.2,24,11,4,2,2,2
2844,3.1,24,13,4,1,3,2
2828,3.9,24,11,4,2,3,2
2388,4.1,24,10,5,2,3,2
224,4.0,24,10,4,2,3,2
501,3.9,24,11,5,2,2,3
1438,4.5,24,11,4,2,2,3
1721,4.1,24,10,5,2,2,3
2586,4.1,24,10,5,2,2,3
485,4.4,24,10,5,2,2,3
1965,4.4,24,10,5,2,2,3
108,5.1,24,9,6,1,2,3
532,4.6,24,11,4,2,3,3
2391,4.5,24,11,3,1,3,3
2119,4.0,24,10,5,1,3,3
1102,4.8,24,10,5,1,3,3
1016,4.5,24,10,4,1,3,3
2623,5.1,24,10,5,2,2,4
1742,4.5,24,10,4,2,2,4
893,5.3,24,10,4,2,2,4
2504,5.5,24,10,4,2,2,4
888,4.6,24,9,5,2,2,4
2009,4.5,24,10,5,1,3,4
1488,4.8,24,10,4,2,3,4
662,4.9,24,10,4,2,3,4
1230,5.2,24,9,5,2,3,4
2566,5.0,24,9,4,2,3,4
1425,5.4,24,9,4,1,3,4
2170,5.2,24,10,4,2,4,4
1666,3.0,25,14,4,3,1,2
2295,3.4,25,12,5,1,2,2
1904,3.8,25,12,4,3,2,2
1755,3.4,25,11,5,3,2,2
1866,3.9,25,12,5,2,3,2
1912,3.7,25,11,5,2,3,2
2229,3.7,25,11,5,2,3,2
1325,3.5,25,12,6,2,2,3
2272,3.7,25,12,5,1,2,3
1436,4.0,25,12,5,1,2,3
868,4.3,25,12,5,1,2,3
1761,4.5,25,12,4,2,2,3
1422,4.1,25,11,6,1,2,3
1487,4.3,25,11,5,2,2,3
1201,4.6,25,11,5,1,2,3
2507,4.3,25,10,6,2,2,3
2775,4.1,25,11,5,2,3,3
1936,4.4,25,11,5,2,3,3
1244,4.3,25,10,5,3,3,3
2202,4.3,25,10,5,3,3,3
492,4.2,25,10,5,2,3,3
1406,4.5,25,10,5,2,3,3
2762,4.8,25,10,4,3,3,3
2520,4.0,25,9,6,2,3,3
2759,4.8,25,9,5,2,3,3
2227,4.4,25,11,5,2,2,4
2410,5.1,25,10,5,2,3,4
503,5.3,25,10,5,2,3,4
2317,5.1,25,10,5,1,3,4
1610,4.8,25,10,4,2,3,4
2767,6.1,25,8,5,2,4,4
922,5.9,25,10,5,2,2,5
591,5.3,25,10,4,2,2,5
506,3.2,26,14,4,2,2,2
1232,3.3,26,14,4,2,2,2
418,3.3,26,12,7,1,2,2
1797,3.8,26,12,5,2,3,2
1331,3.4,26,13,5,2,4,2
1405,4.0,26,10,5,2,4,2
2221,4.0,26,13,5,3,1,3
586,4.1,26,13,5,1,2,3
2135,3.7,26,13,4,2,2,3
1802,4.1,26,13,4,2,2,3
837,4.0,26,12,5,3,2,3
1829,3.5,26,12,5,2,2,3
1734,3.7,26,12,5,2,2,3
674,4.0,26,12,5,2,2,3
2257,4.3,26,12,5,2,2,3
2555,3.9,26,11,6,2,2,3
1160,3.8,26,12,5,1,3,3
2531,4.1,26,12,4,2,3,3
2782,4.0,26,11,6,2,3,3
1534,4.7,26,10,5,2,3,3
2754,4.4,26,9,6,2,3,3
2197,4.5,26,11,5,1,4,3
2753,4.2,26,10,5,2,4,3
1066,4.6,26,12,4,2,2,4
885,4.7,26,11,5,2,2,4
2146,4.6,26,10,6,3,2,4
826,4.3,26,11,5,2,3,4
1987,4.6,26,10,6,2,3,4
821,4.8,26,10,5,2,3,4
1984,5.0,26,10,5,2,3,4
1903,5.1,26,9,4,3,4,4
2502,5.0,26,10,6,2,2,5
457,5.9,26,11,5,2,3,5
1807,5.6,26,10,4,2,3,5
2757,6.5,26,8,5,2,2,6
1101,2.8,27,13,5,2,3,1
2486,3.2,27,13,6,2,2,2
1627,3.5,27,11,7,2,3,2
792,3.7,27,14,5,1,2,3
669,3.8,27,13,6,2,2,3
912,3.8,27,13,5,2,2,3
1441,3.9,27,13,5,1,2,3
2114,3.8,27,12,6,2,2,3
1512,4.4,27,12,5,3,2,3
2240,3.6,27,13,5,2,3,3
1366,4.0,27,12,5,2,3,3
1373,4.2,27,11,6,2,3,3
582,4.1,27,11,5,3,3,3
1091,3.9,27,13,4,2,4,3
2550,4.3,27,11,6,1,4,3
2719,4.6,27,11,5,2,2,4
1705,4.3,27,12,5,2,3,4
1731,4.4,27,11,6,2,3,4
1483,4.9,27,11,6,2,3,4
1591,4.7,27,10,5,2,3,4
2491,4.9,27,10,5,2,3,4
2752,4.7,27,9,7,4,3,4
1138,5.1,27,9,6,3,3,4
1698,5.1,27,10,5,2,4,4
139,5.1,27,10,6,2,3,5
2820,5.3,27,10,4,3,3,5
2206,2.9,28,15,6,1,2,2
2186,3.7,28,13,6,2,3,2
1636,3.3,28,15,6,1,1,3
1685,4.0,28,13,6,2,2,3
2585,3.8,28,13,5,3,2,3
2535,3.3,28,12,7,2,2,3
1442,4.0,28,13,6,1,3,3
2980,4.2,28,12,6,3,3,3
1834,3.8,28,12,6,2,3,3
1309,4.0,28,12,6,2,3,3
2411,4.0,28,12,6,2,3,3
2804,4.0,28,12,6,2,3,3
2340,4.1,28,12,6,2,3,3
2070,4.2,28,12,6,2,3,3
1349,4.2,28,12,5,2,3,3
941,4.3,28,11,7,2,3,3
147,4.2,28,12,6,2,4,3
667,4.9,28,10,6,2,5,3
1515,4.3,28,12,7,2,2,4
2225,4.6,28,10,8,2,2,4
2383,4.4,28,13,5,2,3,4
2228,4.5,28,13,5,1,3,4
1944,4.5,28,12,5,2,3,4
1454,4.6,28,12,5,2,3,4
2078,4.6,28,12,5,2,3,4
1917,5.0,28,11,6,2,3,4
2409,4.9,28,11,6,2,4,4
2026,5.1,28,11,4,3,3,5
1659,5.2,28,10,6,2,3,5
2097,5.3,28,10,6,2,3,5
2901,5.8,28,10,5,3,3,5
1247,5.6,28,9,6,3,3,5
1707,6.1,28,9,6,2,4,5
743,5.9,28,10,5,2,4,6
1888,2.4,29,15,6,2,2,1
1620,3.4,29,14,5,2,3,2
1754,3.5,29,13,6,2,4,2
1806,4.0,29,13,6,3,2,3
2751,3.8,29,13,5,2,3,3
2546,4.2,29,12,7,3,3,3
2646,4.2,29,12,6,3,3,3
1724,4.2,29,12,6,2,3,3
1790,4.0,29,12,5,3,3,3
2171,3.8,29,13,6,2,4,3
1930,4.0,29,12,5,2,4,3
599,4.2,29,14,6,2,2,4
735,4.2,29,13,6,3,2,4
2823,4.3,29,13,5,2,2,4
2739,4.7,29,12,7,3,2,4
1276,4.5,29,13,5,2,3,4
1233,3.7,29,12,7,2,3,4
2672,4.4,29,12,7,2,3,4
613,4.4,29,12,6,2,3,4
2184,4.4,29,12,6,2,3,4
2342,4.8,29,11,6,2,4,4
724,5.1,29,11,6,2,4,4
540,4.8,29,12,6,3,2,5
2841,4.5,29,11,7,2,2,5
2705,4.9,29,10,6,4,3,5
2067,5.3,29,10,6,1,5,5
1148,5.6,29,11,5,2,4,6
1175,3.2,30,15,6,3,2,2
1983,3.5,30,14,6,2,2,3
877,4.0,30,13,7,2,2,3
2642,3.7,30,15,5,3,3,3
2863,3.7,30,14,6,3,3,3
1864,3.8,30,14,5,2,3,3
2879,3.7,30,13,7,3,3,3
1032,3.5,30,13,7,2,3,3
1081,4.0,30,13,7,2,3,3
2027,4.0,30,13,6,2,3,3
2478,4.0,30,12,6,3,3,3
1660,4.0,30,13,7,2,4,3
718,4.0,30,13,6,2,4,3
694,4.1,30,13,6,2,4,3
2248,3.8,30,15,6,2,2,4
965,4.1,30,14,7,1,2,4
1086,4.0,30,14,6,3,2,4
1614,4.0,30,14,6,3,2,4
928,4.0,30,14,6,2,3,4
831,4.2,30,14,5,3,3,4
2656,4.2,30,13,6,2,3,4
1703,4.3,30,13,6,2,3,4
1050,4.5,30,13,6,2,3,4
1115,4.3,30,13,5,3,3,4
1854,4.3,30,11,8,3,3,4
1958,4.2,30,11,8,2,3,4
1598,4.6,30,12,7,2,4,4
2874,4.5,30,12,6,3,4,4
2319,5.0,30,11,6,3,4,4
1312,4.3,30,13,7,2,2,5
665,5.4,30,11,6,3,3,5
1941,5.7,30,12,6,2,4,5
1881,3.2,31,15,7,3,2,2
2393,3.2,31,14,7,3,3,2
197,3.6,31,15,7,2,2,3
1481,3.8,31,14,6,3,2,3
1878,3.6,31,16,6,1,3,3
414,3.5,31,15,7,3,3,3
1961,3.8,31,14,7,3,3,3
2470,3.7,31,14,6,3,3,3
2687,4.0,31,14,6,3,3,3
2122,4.0,31,14,6,2,3,3
1584,4.3,31,14,6,2,3,3
2615,3.9,31,15,6,2,2,4
1154,4.2,31,14,5,3,2,4
2173,4.3,31,13,8,2,2,4
1455,3.9,31,13,7,3,2,4
2426,3.8,31,14,7,2,3,4
1049,4.1,31,14,7,2,3,4
2885,4.0,31,14,7,1,3,4
1762,4.1,31,14,6,3,3,4
2854,4.2,31,13,7,2,3,4
963,4.1,31,13,6,3,3,4
213,4.4,31,13,6,3,3,4
2677,4.3,31,15,5,2,4,4
2485,4.3,31,13,6,2,4,4
1824,4.7,31,11,6,4,4,4
2356,4.9,31,13,6,2,4,5
2833,5.2,31,12,5,2,5,5
2440,5.9,31,10,6,2,4,6
254,5.7,31,12,6,2,3,7
2163,2.9,32,15,8,3,2,2
2831,3.3,32,16,6,3,3,2
1799,3.0,32,17,6,3,2,3
1830,3.1,32,17,6,2,2,3
1416,3.5,32,15,6,3,2,3
223,4.0,32,15,6,2,3,3
2129,3.3,32,14,8,3,3,3
621,3.9,32,14,7,2,4,3
2294,4.0,32,14,6,3,4,3
394,4.0,32,13,8,2,4,3
748,4.3,32,14,7,3,2,4
2369,3.9,32,17,5,2,3,4
1484,4.0,32,16,6,2,3,4
673,3.7,32,16,5,3,3,4
932,3.8,32,16,5,2,3,4
1760,4.0,32,15,6,2,3,4
2620,4.0,32,14,7,3,3,4
1578,4.3,32,14,6,3,3,4
2693,4.1,32,15,5,3,4,4
1087,4.3,32,14,6,3,4,4
2179,4.3,32,13,6,3,4,4
2630,4.3,32,13,6,3,4,4
2870,4.4,32,13,6,3,4,4
960,4.8,32,13,6,2,4,4
2467,4.6,32,12,8,3,4,4
1808,4.4,32,15,5,3,2,5
2850,4.5,32,14,6,3,3,5
1932,4.4,32,15,5,2,4,5
1895,4.5,32,13,8,2,4,5
1684,5.0,32,13,7,2,4,5
1940,5.5,32,12,6,3,4,5
1823,5.6,32,12,7,2,4,6
1222,5.2,32,12,6,3,4,6
2216,6.1,32,11,6,2,5,7
1771,3.2,33,17,6,3,2,3
1030,3.6,33,16,6,3,3,3
1069,3.6,33,15,7,3,3,3
2892,3.8,33,13,8,3,3,3
1159,3.9,33,15,7,2,4,3
2702,4.3,33,16,6,2,2,4
2362,4.5,33,15,7,3,3,4
2501,3.9,33,15,7,2,3,4
2224,4.3,33,15,7,2,3,4
494,3.9,33,15,6,3,3,4
1106,4.2,33,14,8,3,3,4
473,4.1,33,15,6,2,4,4
2300,4.3,33,15,5,2,4,4
329,4.2,33,14,7,2,4,4
2099,4.1,33,14,6,4,4,4
1889,4.2,33,14,6,2,4,4
2733,4.1,33,13,8,2,4,4
1552,4.2,33,13,7,3,4,4
1652,4.4,33,13,7,2,4,4
1902,4.7,33,13,6,3,4,4
1164,4.9,33,12,7,3,4,4
716,4.3,33,14,6,3,5,4
521,4.1,33,13,7,3,5,4
1925,4.4,33,13,7,3,5,4
704,4.4,33,15,6,3,3,5
2605,4.5,33,14,7,2,3,5
1793,4.5,33,14,6,3,3,5
78,4.6,33,14,6,3,4,5
1142,4.9,33,13,6,3,4,5
1177,5.0,33,13,6,3,4,5
2521,5.0,33,13,6,2,4,5
2700,5.5,33,12,5,3,5,5
2004,4.4,33,15,6,3,3,6
2593,5.3,33,13,7,3,3,6
560,5.7,33,11,8,3,3,6
2420,5.4,33,13,6,2,4,6
2667,5.3,33,13,6,2,5,6
2896,2.9,34,18,7,3,2,2
555,3.0,34,17,7,3,3,2
1334,3.2,34,16,7,4,3,2
2337,2.8,34,18,8,2,2,3
2311,3.5,34,17,5,3,3,3
676,3.5,34,16,6,3,3,3
1214,3.8,34,15,7,3,4,3
1528,3.6,34,17,7,3,2,4
1031,3.6,34,18,6,2,3,4
2811,3.8,34,16,8,2,3,4
2599,3.9,34,16,7,3,3,4
987,4.3,34,16,6,3,3,4
1429,3.9,34,15,8,2,3,4
2497,4.0,34,15,7,3,3,4
1747,4.2,34,15,7,3,3,4
1928,4.3,34,15,7,3,3,4
2525,4.3,34,15,6,4,3,4
1739,4.1,34,14,8,3,3,4
2483,4.1,34,14,7,3,3,4
1249,4.3,34,16,6,2,4,4
2103,3.9,34,15,8,3,4,4
441,3.9,34,15,6,3,4,4
1858,4.1,34,15,6,3,4,4
2429,4.3,34,14,7,2,4,4
2534,4.2,34,14,7,3,5,4
1918,4.2,34,15,7,3,2,5
2376,4.4,34,16,6,2,3,5
1993,4.5,34,15,7,2,3,5
1020,4.7,34,14,8,3,3,5
1809,4.7,34,13,7,3,3,5
647,4.3,34,15,6,3,4,5
619,4.8,34,15,5,3,4,5
2003,4.4,34,13,8,3,4,5
2500,4.9,34,13,8,2,4,5
1876,4.8,34,13,7,4,4,5
1505,4.7,34,13,7,3,4,5
2814,4.7,34,13,7,3,4,5
1921,4.8,34,13,6,3,4,5
2540,4.9,34,12,7,3,4,5
470,5.2,34,11,8,3,5,5
2398,5.2,34,13,7,2,4,6
1304,5.5,34,11,8,3,5,6
1051,5.8,34,13,6,3,4,7
2498,5.8,34,13,6,3,4,7
1191,3.4,35,18,6,3,2,3
2712,3.1,35,18,7,3,3,3
391,3.3,35,18,7,2,3,3
2126,3.4,35,18,7,2,3,3
2725,3.4,35,17,8,3,3,3
2598,3.2,35,17,7,3,3,3
1607,3.3,35,17,7,3,3,3
823,3.5,35,16,8,2,4,3
934,3.9,35,16,7,3,4,3
1165,3.4,35,15,8,3,4,3
2469,3.6,35,16,7,3,5,3
2827,3.7,35,15,8,3,5,3
2660,3.9,35,14,8,3,5,3
1532,3.8,35,15,8,3,2,4
2297,3.6,35,18,6,2,3,4
2539,3.5,35,17,7,3,3,4
1651,3.6,35,17,7,3,3,4
447,3.6,35,17,7,2,3,4
968,3.5,35,16,8,2,3,4
1216,4.0,35,15,9,3,3,4
2463,4.0,35,15,8,3,3,4
2603,4.1,35,14,9,4,3,4
1034,3.9,35,16,7,3,4,4
2880,3.8,35,16,7,2,4,4
267,4.0,35,16,7,2,4,4
2669,4.0,35,16,6,3,4,4
2108,4.2,35,15,8,2,4,4
2524,3.9,35,15,7,4,4,4
1879,4.0,35,14,8,3,4,4
535,4.0,35,14,7,4,4,4
2492,4.1,35,14,7,3,5,4
2425,4.2,35,16,7,2,3,5
1939,4.3,35,15,8,2,3,5
1527,4.7,35,15,8,2,3,5
2495,4.7,35,15,7,2,4,5
1910,4.4,35,15,6,3,4,5
1566,4.5,35,15,6,3,4,5
1519,4.8,35,14,8,2,4,5
2234,4.5,35,14,7,4,4,5
2894,4.3,35,14,7,3,4,5
1604,4.9,35,14,7,3,4,5
1266,4.8,35,13,7,3,4,5
1107,5.0,35,13,6,4,4,5
2608,4.6,35,15,7,3,5,5
2512,4.6,35,14,6,3,5,5
1265,4.6,35,14,8,2,3,6
1184,4.9,35,15,7,2,4,6
2310,5.0,35,13,8,3,4,6
1202,5.2,35,13,8,2,4,6
1250,5.1,35,12,8,3,4,6
921,5.3,35,12,8,2,4,6
1839,5.2,35,13,6,3,5,6
1727,5.9,35,12,7,3,5,6
1452,5.8,35,13,6,2,4,7
40,5.9,35,11,7,3,4,7
1945,6.5,35,13,6,3,4,8
2574,3.3,36,18,8,3,3,3
663,3.6,36,18,7,2,3,3
1363,3.8,36,16,8,4,3,3
1729,3.5,36,16,8,3,3,3
2231,3.7,36,16,9,2,4,3
1929,3.2,36,16,8,3,4,3
2399,3.5,36,16,8,3,4,3
1533,3.6,36,15,9,4,4,3
1288,3.5,36,17,8,3,2,4
2499,3.9,36,17,7,3,2,4
1564,3.8,36,16,8,3,3,4
61,3.7,36,16,8,2,3,4
1693,4.2,36,15,8,4,3,4
1954,3.9,36,16,8,3,4,4
1628,3.9,36,14,9,4,4,4
2120,4.1,36,18,7,2,2,5
1506,4.1,36,15,8,4,3,5
2565,4.5,36,15,8,3,3,5
680,4.1,36,15,7,4,3,5
1633,4.7,36,14,9,3,3,5
2624,4.4,36,14,7,4,3,5
2591,4.0,36,16,7,3,4,5
635,4.3,36,16,7,3,4,5
1351,4.3,36,16,7,3,4,5
2111,4.3,36,16,7,2,4,5
279,4.5,36,15,8,3,4,5
2255,4.5,36,15,8,3,4,5
1113,4.6,36,15,8,3,4,5
1841,4.6,36,15,7,4,4,5
1065,4.6,36,15,7,3,4,5
2579,4.6,36,15,7,3,4,5
1875,5.0,36,15,7,2,4,5
2602,4.8,36,15,6,3,4,5
2489,4.1,36,14,8,4,4,5
2816,4.4,36,14,8,3,4,5
1645,4.5,36,14,7,4,4,5
2867,4.5,36,13,9,3,4,5
2824,4.6,36,15,7,4,5,5
2690,4.6,36,15,6,3,5,5
1957,4.9,36,14,8,3,5,5
1535,4.7,36,14,7,3,5,5
1692,5.0,36,13,8,3,5,5
2321,4.6,36,14,8,3,3,6
534,4.8,36,14,8,3,4,6
2838,4.8,36,14,8,3,4,6
2810,5.1,36,13,8,3,4,6
2479,4.8,36,15,6,3,5,6
1163,5.0,36,14,6,4,5,6
2330,3.3,37,18,9,2,3,3
946,3.1,37,18,8,4,3,3
2044,3.8,37,16,9,4,3,3
2418,3.8,37,16,8,3,4,3
1999,3.7,37,18,7,3,3,4
2256,3.8,37,17,8,3,3,4
2815,3.8,37,18,7,3,4,4
1886,3.5,37,17,8,3,4,4
2406,3.8,37,17,7,3,4,4
130,3.7,37,16,9,3,4,4
1914,3.6,37,16,8,3,4,4
874,4.4,37,16,8,3,4,4
2259,4.1,37,16,8,2,4,4
1934,4.2,37,16,7,4,4,4
2403,4.3,37,15,9,3,4,4
561,4.1,37,17,7,3,5,4
1960,3.8,37,16,8,3,5,4
2514,4.2,37,16,8,3,5,4
1367,4.0,37,15,9,2,5,4
1632,4.2,37,15,8,4,5,4
1403,4.0,37,17,8,3,3,5
2204,4.5,37,16,8,2,4,5
2251,4.4,37,16,7,3,4,5
2371,4.8,37,15,8,4,4,5
2510,4.3,37,14,8,4,4,5
2315,4.5,37,15,7,3,5,5
976,4.4,37,14,9,2,5,5
1832,4.2,37,13,8,4,6,5
648,5.0,37,16,7,3,4,6
1837,4.6,37,15,8,4,4,6
1835,4.7,37,15,8,4,4,6
2116,4.7,37,15,7,3,4,6
1919,5.0,37,15,7,3,4,6
971,4.8,37,14,8,3,4,6
1158,5.0,37,14,8,3,4,6
2367,4.5,37,14,7,4,4,6
1509,5.3,37,14,7,3,4,6
1911,5.3,37,13,8,3,5,6
1292,4.9,37,12,9,4,5,6
2363,5.1,37,14,7,5,3,7
1857,5.4,37,15,7,2,4,7
1568,5.4,37,14,8,3,4,7
1149,5.5,37,14,6,3,4,7
1064,5.4,37,13,8,4,4,7
148,5.0,37,15,7,3,5,7
2145,5.5,37,13,7,4,5,7
1672,3.3,38,19,9,2,3,3
1381,3.5,38,18,8,4,3,3
2742,3.5,38,19,8,3,4,3
400,3.7,38,17,8,4,4,3
2556,3.5,38,16,9,3,4,3
2704,3.4,38,18,8,3,3,4
629,3.6,38,18,8,3,3,4
2706,4.0,38,17,8,4,3,4
1836,3.7,38,15,9,4,3,4
211,3.5,38,17,9,3,4,4
1863,3.9,38,17,9,2,4,4
2849,3.7,38,17,8,3,4,4
2741,3.9,38,16,9,4,4,4
327,3.7,38,16,9,2,4,4
388,4.0,38,16,8,4,4,4
525,3.6,38,15,9,4,4,4
1735,3.7,38,15,9,4,4,4
2380,4.1,38,15,9,4,4,4
2653,4.0,38,15,8,5,4,4
2165,3.8,38,17,8,3,5,4
50,4.1,38,18,7,2,3,5
1900,3.9,38,17,8,3,3,5
2633,4.2,38,16,9,3,3,5
2659,4.2,38,16,8,4,3,5
1207,4.1,38,17,7,4,4,5
2743,4.3,38,17,6,3,4,5
2848,4.1,38,16,8,4,4,5
2029,4.2,38,16,8,3,4,5
1780,4.5,38,16,8,3,4,5
1517,4.6,38,16,7,4,4,5
1503,4.7,38,16,7,3,4,5
2617,4.5,38,15,9,3,4,5
1239,4.3,38,15,8,4,4,5
2301,4.5,38,15,7,4,4,5
2783,4.6,38,15,7,4,4,5
1551,4.3,38,17,7,3,5,5
1853,4.1,38,16,8,3,5,5
1679,4.3,38,15,8,4,5,5
2523,4.4,38,15,8,4,5,5
659,4.7,38,14,8,4,5,5
1751,4.7,38,15,7,3,6,5
2159,4.6,38,16,9,3,3,6
2825,5.1,38,17,7,2,4,6
1657,4.7,38,16,7,3,4,6
2308,4.6,38,15,8,2,4,6
482,4.8,38,15,7,3,4,6
2439,4.9,38,14,9,3,4,6
993,5.0,38,14,8,4,4,6
804,4.8,38,15,9,2,5,6
1783,4.8,38,14,9,3,5,6
1979,5.1,38,14,9,3,5,6
2645,5.1,38,14,8,3,5,6
2626,4.9,38,15,7,3,6,6
1392,5.2,38,15,8,4,3,7
1882,5.6,38,13,8,3,4,7
2015,5.1,38,15,7,3,5,7
1332,5.5,38,13,8,4,5,7
2559,5.5,38,13,8,3,5,7
2722,3.2,39,19,8,3,4,3
2508,3.4,39,19,9,3,3,4
2382,3.7,39,18,9,3,3,4
2024,3.7,39,18,8,3,3,4
1110,3.9,39,18,8,3,4,4
2223,3.9,39,17,9,4,4,4
1078,3.6,39,17,9,3,4,4
1213,3.8,39,17,9,3,4,4
1757,4.2,39,17,8,3,4,4
1664,3.5,39,16,10,3,4,4
520,3.8,39,18,7,3,5,4
2505,4.3,39,18,7,3,3,5
1547,3.8,39,17,9,4,3,5
1625,4.1,39,17,9,3,3,5
2596,4.2,39,17,9,3,3,5
2545,3.9,39,18,8,3,4,5
1010,4.1,39,18,6,4,4,5
1650,4.2,39,17,8,4,4,5
1873,4.0,39,17,8,3,4,5
1575,4.2,39,16,8,3,4,5
1785,4.2,39,17,7,4,5,5
260,4.2,39,16,9,3,5,5
2728,4.3,39,16,9,3,5,5
1714,4.4,39,16,7,3,5,5
2235,4.3,39,15,10,2,5,5
2544,4.5,39,15,8,4,5,5
2601,4.5,39,15,8,4,5,5
2881,4.6,39,14,9,4,5,5
2480,4.3,39,16,9,3,4,6
1549,4.8,39,15,8,4,4,6
2263,5.0,39,15,8,4,4,6
1088,4.8,39,15,8,3,4,6
1137,4.6,39,16,8,3,5,6
1887,4.7,39,16,7,3,5,6
1671,5.2,39,16,7,3,5,6
434,4.8,39,15,9,3,5,6
584,4.9,39,14,8,4,5,6
1555,5.1,39,14,8,4,5,6
1335,5.2,39,14,8,4,5,6
524,4.7,39,13,9,5,5,6
603,4.7,39,15,8,4,6,6
1260,4.9,39,15,8,3,6,6
1018,4.8,39,14,9,2,6,6
2792,4.9,39,17,7,3,4,7
1468,5.4,39,14,8,4,4,7
1229,4.8,39,16,8,3,5,7
1019,5.7,39,13,8,4,5,7
1920,5.6,39,12,9,4,5,7
1997,3.4,40,18,9,3,4,3
2008,3.5,40,20,8,3,3,4
2679,3.8,40,18,8,4,4,4
2584,3.7,40,17,10,4,4,4
1998,3.6,40,17,10,3,4,4
879,4.0,40,17,9,4,4,4
2104,3.9,40,17,8,4,4,4
2013,3.5,40,20,7,3,5,4
1847,3.6,40,18,9,3,5,4
2458,4.1,40,18,9,3,3,5
351,4.1,40,17,9,4,3,5
1732,3.9,40,17,10,3,4,5
315,3.9,40,17,9,3,4,5
2140,4.4,40,17,9,3,4,5
2561,4.1,40,17,8,4,4,5
1767,4.2,40,17,8,3,4,5
2298,4.5,40,17,8,3,4,5
585,4.3,40,16,9,4,4,5
2665,4.2,40,18,7,4,5,5
610,4.4,40,17,9,2,5,5
2835,3.9,40,17,8,4,5,5
2895,4.6,40,16,9,3,5,5
1290,4.3,40,16,8,5,5,5
1851,4.2,40,16,8,4,5,5
2670,4.4,40,15,9,4,5,5
705,4.5,40,16,9,3,6,5
1995,4.7,40,16,9,3,6,5
1905,4.6,40,15,9,3,6,5
2199,4.6,40,17,9,4,3,6
2466,4.7,40,16,9,3,3,6
2600,4.4,40,17,9,3,4,6
1453,4.6,40,17,9,3,4,6
2629,4.3,40,17,8,3,4,6
2455,4.7,40,17,8,3,4,6
809,4.9,40,17,8,3,4,6
896,4.6,40,16,8,4,4,6
2664,4.7,40,17,8,3,5,6
2871,4.7,40,17,8,3,5,6
2674,4.5,40,16,9,3,5,6
1717,5.1,40,16,7,3,5,6
116,5.1,40,15,9,3,5,6
1185,4.8,40,15,9,2,5,6
571,4.9,40,14,9,4,5,6
2884,4.8,40,16,9,4,3,7
2685,4.8,40,15,8,4,3,7
1562,5.2,40,15,8,4,4,7
2390,5.3,40,15,7,4,5,7
984,5.5,40,15,7,3,5,7
2639,5.2,40,14,8,4,5,7
2609,5.3,40,14,8,4,6,7
1296,5.9,40,14,7,3,5,8
768,3.0,41,18,10,5,3,3
1521,3.2,41,19,9,4,4,3
487,3.5,41,19,9,4,4,3
2381,3.6,41,18,10,4,3,4
2276,3.6,41,18,9,4,3,4
1321,4.0,41,18,9,3,5,4
1850,4.0,41,17,10,3,5,4
1670,4.1,41,16,9,4,5,4
1311,3.8,41,19,8,4,3,5
2288,3.9,41,20,7,3,4,5
76,4.1,41,18,9,4,4,5
1601,3.9,41,18,8,5,4,5
2349,4.2,41,17,9,4,4,5
2658,4.2,41,18,7,4,5,5
2562,4.4,41,17,9,3,5,5
2847,4.0,41,17,8,5,5,5
2769,4.5,41,17,8,4,5,5
2530,4.3,41,17,8,3,5,5
2490,4.5,41,17,8,3,5,5
1084,4.3,41,16,10,3,5,5
1330,4.4,41,16,9,4,5,5
2668,4.6,41,16,9,4,5,5
2689,4.1,41,16,9,3,5,5
2436,4.6,41,18,9,4,3,6
2329,4.8,41,19,6,4,4,6
62,4.3,41,18,8,3,4,6
2112,4.7,41,18,8,3,4,6
1617,4.5,41,17,9,3,4,6
1489,4.9,41,17,8,5,4,6
299,4.6,41,17,8,4,4,6
2582,4.4,41,17,8,3,4,6
1978,4.3,41,17,9,4,5,6
1108,4.8,41,17,8,3,5,6
2721,4.9,41,17,8,3,5,6
1193,4.6,41,16,9,3,5,6
210,4.8,41,16,9,3,5,6
2412,4.8,41,16,9,3,5,6
2517,4.8,41,16,8,4,5,6
1845,4.9,41,16,7,4,5,6
1985,4.8,41,15,9,4,5,6
1922,5.2,41,14,9,5,5,6
1324,5.0,41,15,9,3,6,6
1599,4.9,41,14,7,6,6,6
333,4.7,41,18,7,3,4,7
2395,4.8,41,17,8,4,4,7
2636,5.0,41,17,7,3,4,7
268,4.7,41,16,9,3,4,7
1720,5.4,41,15,9,4,4,7
1264,4.9,41,16,8,4,5,7
1341,5.1,41,16,8,4,5,7
161,5.3,41,16,8,3,5,7
2567,5.0,41,15,9,3,5,7
1343,5.4,41,14,9,4,6,7
1490,5.6,41,16,8,3,5,8
2296,5.5,41,14,8,5,5,8
1361,5.6,41,14,8,4,5,8
938,5.3,41,12,10,4,5,8
320,5.7,41,15,8,3,6,8
2233,3.5,42,18,10,4,6,3
2110,3.6,42,18,10,4,4,4
2861,3.8,42,18,10,3,4,4
630,3.9,42,18,9,4,4,4
2819,3.8,42,18,8,5,4,4
2372,3.8,42,18,10,3,5,4
1587,4.0,42,18,9,4,6,4
2519,4.3,42,17,9,4,6,4
2435,3.6,42,20,9,4,3,5
1710,4.0,42,19,7,5,3,5
2142,4.2,42,19,9,3,4,5
2030,4.4,42,19,9,3,4,5
2727,4.1,42,18,10,4,4,5
2641,4.2,42,17,10,3,4,5
1907,3.8,42,18,9,5,5,5
1641,4.1,42,17,10,3,5,5
1892,4.2,42,17,9,4,5,5
1461,4.4,42,16,10,4,5,5
2057,4.4,42,16,10,4,6,5
2778,4.4,42,18,10,3,3,6
949,4.5,42,19,9,3,4,6
920,4.4,42,19,8,3,4,6
2634,4.6,42,18,9,3,4,6
1462,4.4,42,17,10,3,4,6
2339,4.4,42,17,9,3,4,6
1916,4.8,42,16,9,4,4,6
2468,4.4,42,17,10,3,5,6
2855,4.7,42,17,10,3,5,6
2800,4.6,42,17,9,4,5,6
1543,4.5,42,17,9,3,5,6
1542,4.7,42,16,10,3,5,6
2578,4.5,42,16,9,4,5,6
1772,4.6,42,16,9,4,5,6
1329,4.9,42,16,9,4,5,6
2473,4.9,42,15,9,4,5,6
2571,4.6,42,15,8,6,5,6
2802,4.7,42,17,8,3,6,6
1927,4.6,42,16,9,4,6,6
433,4.6,42,16,8,4,6,6
762,4.8,42,16,8,3,6,6
1913,4.9,42,17,9,3,4,7
883,4.8,42,16,9,4,4,7
1855,5.2,42,16,9,4,4,7
1396,5.2,42,17,8,4,5,7
151,4.9,42,16,10,4,5,7
72,5.1,42,16,9,3,5,7
2557,5.1,42,15,10,4,5,7
1218,5.3,42,15,9,3,6,7
1795,5.4,42,15,8,4,6,7
2812,5.1,42,15,9,4,4,8
2856,5.6,42,16,8,3,5,8
950,3.4,43,21,9,4,3,4
1399,3.7,43,19,10,4,4,4
2526,3.7,43,19,10,4,4,4
2394,3.7,43,19,10,3,5,4
878,3.8,43,18,9,6,5,4
2537,3.9,43,18,9,5,5,4
1773,3.8,43,19,9,3,6,4
1596,4.0,43,19,9,3,4,5
2284,3.9,43,18,10,5,4,5
455,3.8,43,18,10,3,4,5
2236,4.2,43,18,9,4,4,5
1818,4.3,43,19,8,4,5,5
974,4.1,43,18,10,4,5,5
2515,4.0,43,18,10,3,5,5
484,4.2,43,18,9,4,5,5
79,4.3,43,18,9,4,5,5
2631,4.2,43,18,8,5,5,5
2124,4.1,43,17,10,4,5,5
1394,4.3,43,17,10,4,5,5
2107,4.2,43,17,8,5,5,5
1557,4.2,43,16,11,4,5,5
2891,4.2,43,16,10,4,5,5
2220,4.4,43,18,9,4,6,5
2128,4.4,43,17,10,3,6,5
2045,4.3,43,17,9,4,6,5
1719,4.2,43,16,10,4,6,5
2859,4.3,43,16,10,4,6,5
2370,4.3,43,19,10,4,4,6
1606,4.2,43,18,9,5,4,6
1192,4.8,43,17,11,4,4,6
1749,4.5,43,17,9,4,4,6
1580,4.4,43,18,10,2,5,6
2692,4.2,43,18,8,4,5,6
1007,4.8,43,18,8,4,5,6
1274,4.8,43,18,8,3,5,6
2022,4.3,43,17,10,2,5,6
1840,4.7,43,17,9,5,5,6
1318,4.3,43,17,9,4,5,6
212,4.5,43,17,9,4,5,6
545,4.5,43,17,9,4,5,6
480,4.8,43,17,9,3,5,6
698,4.3,43,17,8,4,5,6
2878,4.5,43,16,11,4,5,6
2723,4.8,43,16,9,5,5,6
2541,4.8,43,15,10,4,5,6
2803,4.6,43,17,8,4,6,6
2351,4.9,43,17,8,4,6,6
1257,4.5,43,16,10,4,6,6
717,4.7,43,16,10,4,6,6
726,5.1,43,16,10,3,6,6
270,4.5,43,16,9,5,6,6
2594,4.6,43,17,9,4,4,7
1224,4.9,43,17,8,4,4,7
1648,4.7,43,16,11,4,4,7
1467,5.1,43,18,9,3,5,7
34,4.9,43,16,9,4,5,7
1526,5.4,43,16,8,3,6,7
2359,4.7,43,15,10,3,6,7
326,5.1,43,16,9,3,5,8
1872,5.5,43,15,10,4,5,8
1981,5.4,43,15,9,4,5,8
2419,5.9,43,15,10,3,4,9
1561,5.7,43,14,10,4,5,9
615,3.0,44,21,10,4,5,3
386,3.6,44,21,9,4,4,4
2118,3.5,44,20,9,5,4,4
2327,3.6,44,20,9,4,4,4
695,3.6,44,19,10,5,4,4
787,3.4,44,20,11,3,5,4
692,3.4,44,20,10,4,5,4
909,3.6,44,20,9,4,5,4
2569,4.0,44,19,11,4,4,5
1162,3.8,44,19,10,4,5,5
2020,4.0,44,19,9,4,5,5
2583,3.9,44,18,10,4,5,5
1794,4.2,44,18,9,5,5,5
2166,3.9,44,17,10,5,5,5
2038,4.3,44,18,9,4,6,5
187,4.1,44,18,9,3,6,5
2039,4.2,44,17,9,4,6,5
847,4.2,44,20,9,4,4,6
2858,4.3,44,19,9,5,4,6
962,4.3,44,19,10,3,5,6
1248,4.6,44,19,9,3,5,6
2456,4.6,44,19,8,4,5,6
1702,4.4,44,18,8,5,5,6
1838,4.0,44,17,10,4,5,6
2730,4.4,44,17,10,4,5,6
2002,4.6,44,17,10,3,5,6
143,4.3,44,17,9,5,5,6
701,4.5,44,17,9,4,5,6
194,4.5,44,19,9,3,6,6
300,4.3,44,18,9,3,6,6
2262,4.4,44,18,8,4,6,6
606,4.8,44,17,9,4,6,6
2400,4.6,44,17,8,5,6,6
1220,4.5,44,16,10,4,6,6
1576,4.8,44,19,9,3,4,7
861,4.4,44,19,7,5,4,7
641,5.1,44,17,11,3,4,7
1691,4.7,44,17,10,3,4,7
1577,5.2,44,17,9,4,4,7
2866,4.6,44,16,11,4,4,7
330,4.8,44,19,9,4,5,7
321,4.7,44,18,8,4,5,7
2320,4.4,44,17,10,4,5,7
1524,4.8,44,17,9,4,5,7
489,5.0,44,17,9,4,5,7
2612,4.9,44,16,9,4,6,7
1938,5.0,44,16,8,4,7,7
1089,5.1,44,19,8,3,4,8
1302,5.2,44,18,8,4,4,8
1499,4.8,44,17,10,3,5,8
2494,5.2,44,17,9,4,5,8
227,5.6,44,16,9,4,5,8
2354,5.9,44,15,9,5,5,8
2423,5.2,44,15,10,4,6,8
2434,5.3,44,14,10,5,6,8
1297,5.6,44,16,8,3,7,8
1674,5.6,44,16,9,3,5,9
2771,5.6,44,18,7,3,6,9
779,3.6,45,19,11,5,4,4
1409,4.0,45,19,11,3,5,5
1595,3.9,45,19,10,4,5,5
2607,4.1,45,19,10,4,5,5
712,4.2,45,18,10,5,5,5
2093,4.1,45,16,12,4,5,5
2424,4.1,45,17,11,4,6,5
2681,4.0,45,20,9,4,4,6
1116,4.2,45,20,9,3,4,6
1593,4.4,45,19,10,4,4,6
855,4.3,45,19,10,3,5,6
679,4.1,45,19,9,4,5,6
607,4.5,45,18,11,3,5,6
1712,4.2,45,18,10,6,5,6
992,4.2,45,18,10,5,5,6
499,4.3,45,17,11,5,5,6
1205,4.2,45,17,11,4,5,6
763,4.1,45,17,10,5,5,6
1538,4.5,45,17,10,5,5,6
2616,4.6,45,17,10,4,5,6
1656,4.6,45,16,12,5,5,6
366,4.3,45,19,8,4,6,6
1852,4.2,45,18,10,4,6,6
2694,4.5,45,18,8,5,6,6
2283,4.7,45,17,10,5,6,6
1618,4.6,45,19,10,4,4,7
2361,4.7,45,19,9,4,4,7
713,4.4,45,19,9,4,5,7
43,4.8,45,19,9,4,5,7
1013,4.8,45,19,9,3,5,7
1339,4.3,45,18,10,4,5,7
2069,4.5,45,18,10,4,5,7
1057,5.1,45,18,9,5,5,7
1139,4.5,45,18,9,4,5,7
1856,4.5,45,18,9,4,5,7
12,4.6,45,17,10,4,5,7
1523,4.7,45,17,10,4,5,7
2736,4.7,45,17,10,4,5,7
1255,4.8,45,19,9,3,6,7
319,4.8,45,18,9,4,6,7
1510,4.9,45,18,9,4,6,7
1194,4.9,45,18,8,4,6,7
193,4.7,45,17,9,5,6,7
2445,5.1,45,17,9,4,6,7
1522,4.9,45,18,8,4,5,8
2663,5.1,45,17,9,4,5,8
331,5.5,45,17,9,4,5,8
2194,5.6,45,16,9,5,5,8
509,5.1,45,17,9,4,6,8
744,5.2,45,17,9,3,6,8
1893,5.3,45,16,10,4,6,8
1689,5.5,45,16,9,4,6,8
1860,5.5,45,15,9,4,6,8
2621,3.7,46,22,10,4,5,4
675,3.4,46,21,11,3,5,4
2254,3.6,46,20,11,4,6,4
306,3.5,46,21,11,4,4,5
75,3.9,46,20,11,4,4,5
1906,3.6,46,23,9,4,5,5
1637,3.7,46,21,10,4,5,5
706,4.0,46,21,8,5,5,5
1631,3.9,46,20,11,3,5,5
2683,4.0,46,20,10,4,5,5
848,3.7,46,19,12,3,5,5
1943,4.1,46,19,10,6,5,5
970,4.0,46,19,11,4,6,5
1346,4.2,46,19,11,3,6,5
2431,4.0,46,19,10,4,6,5
709,3.7,46,18,11,4,6,5
464,3.9,46,17,10,5,6,5
2177,4.2,46,19,12,4,4,6
1336,4.2,46,20,10,4,5,6
1241,4.1,46,20,9,4,5,6
474,4.6,46,20,9,4,5,6
190,4.6,46,19,10,4,5,6
32,4.6,46,18,11,5,5,6
249,4.5,46,18,10,5,5,6
2307,4.3,46,18,10,4,5,6
2322,4.8,46,18,10,4,5,6
1147,4.3,46,17,12,4,5,6
404,4.3,46,19,10,4,6,6
2830,4.2,46,19,9,4,6,6
266,4.7,46,19,9,4,6,6
780,4.5,46,19,8,4,6,6
1407,4.5,46,18,11,3,6,6
1253,4.4,46,18,10,5,6,6
1563,4.6,46,18,10,4,6,6
2554,4.7,46,18,10,4,6,6
1245,4.5,46,17,11,4,6,6
688,4.4,46,19,11,4,4,7
2261,4.3,46,20,9,4,5,7
1227,4.7,46,19,10,4,5,7
328,4.6,46,19,10,3,5,7
1630,4.8,46,19,9,4,5,7
2637,4.7,46,18,10,3,5,7
519,4.9,46,19,9,3,6,7
403,4.6,46,18,10,4,6,7
899,4.7,46,18,10,4,6,7
790,5.0,46,18,9,5,6,7
2587,4.8,46,18,9,4,6,7
2671,4.8,46,18,9,4,6,7
1401,4.7,46,17,10,5,6,7
2132,4.8,46,17,9,5,6,7
691,5.1,46,17,9,5,6,7
472,4.8,46,16,11,4,7,7
666,4.8,46,16,9,5,7,7
1124,5.2,46,15,10,5,7,7
925,5.1,46,17,10,5,5,8
863,5.3,46,17,10,4,6,8
1197,5.3,46,16,11,3,6,8
1791,5.2,46,15,10,5,6,8
2632,5.3,46,16,9,4,7,8
2680,5.2,46,15,10,4,7,8
1758,5.8,46,18,8,3,5,9
2316,5.6,46,17,10,4,6,9
2001,5.7,46,15,10,4,6,9
1654,4.1,47,21,10,4,5,5
1972,4.1,47,21,10,4,5,5
800,3.6,47,20,11,3,5,5
1831,4.0,47,19,11,5,5,5
2396,4.0,47,19,11,4,5,5
723,3.9,47,19,11,5,6,5
156,4.0,47,19,10,5,6,5
2452,4.1,47,19,10,4,7,5
2460,4.3,47,19,10,4,8,5
294,4.2,47,21,11,4,4,6
1801,4.0,47,21,10,4,5,6
819,4.2,47,20,10,5,5,6
2714,4.2,47,20,10,5,5,6
981,4.2,47,20,10,4,5,6
1966,4.3,47,20,10,4,5,6
1696,4.5,47,20,10,4,5,6
891,4.4,47,19,11,3,6,6
1861,4.5,47,19,11,3,6,6
127,4.2,47,19,10,5,6,6
2581,4.3,47,19,10,4,6,6
1457,4.1,47,18,11,5,6,6
1848,4.5,47,18,11,4,6,6
1293,4.5,47,20,10,3,4,7
1308,4.5,47,20,11,4,5,7
2137,4.5,47,20,11,3,5,7
2377,4.4,47,20,10,4,5,7
1605,4.6,47,18,11,4,5,7
2285,4.7,47,18,10,5,5,7
1082,4.8,47,18,10,5,5,7
1410,4.5,47,19,11,3,6,7
1291,4.7,47,19,9,5,6,7
2618,4.8,47,19,9,4,6,7
2686,4.8,47,19,9,4,6,7
1129,4.8,47,19,9,3,6,7
253,4.9,47,19,8,4,6,7
2648,4.9,47,18,10,5,6,7
1077,4.9,47,17,9,5,6,7
1055,4.9,47,19,9,3,7,7
2610,4.9,47,18,9,4,7,7
1713,5.2,47,18,9,4,7,7
1819,4.7,47,19,10,3,5,8
442,5.3,47,18,11,3,5,8
1623,5.2,47,18,9,4,5,8
2430,4.8,47,17,10,6,5,8
2401,5.0,47,18,10,5,6,8
1743,5.2,47,18,9,4,6,8
1513,5.3,47,17,10,5,6,8
348,5.5,47,18,10,3,5,9
853,5.3,47,17,9,5,6,9
2404,5.5,47,16,9,5,6,9
48,5.9,47,16,9,4,6,9
2343,6.1,47,15,8,5,6,10
2338,3.2,48,21,11,5,5,3
2770,3.5,48,22,11,4,4,5
1890,3.6,48,22,10,5,4,5
2068,3.7,48,21,12,4,4,5
1120,3.8,48,23,9,5,5,5
2148,3.7,48,21,11,5,5,5
2438,4.0,48,20,12,4,5,5
590,4.1,48,20,11,4,5,5
538,3.8,48,21,12,3,6,5
13,3.9,48,21,10,5,6,5
2588,4.1,48,19,10,5,6,5
2291,4.2,48,21,10,4,7,5
2358,3.8,48,21,12,4,4,6
140,4.0,48,21,10,4,5,6
2282,4.4,48,20,12,3,5,6
1746,4.3,48,20,11,4,5,6
651,4.2,48,21,10,4,6,6
145,4.0,48,19,12,4,6,6
1307,4.2,48,18,12,5,6,6
2553,4.3,48,18,12,4,6,6
4,4.3,48,19,11,4,7,6
219,4.2,48,19,10,5,7,6
2264,4.4,48,21,10,4,4,7
35,4.7,48,21,9,3,4,7
91,4.4,48,20,10,5,4,7
1060,4.7,48,20,11,4,5,7
2121,4.6,48,19,10,6,5,7
1447,4.3,48,19,10,5,5,7
796,4.7,48,19,10,4,5,7
1825,4.6,48,18,12,4,5,7
686,4.7,48,18,12,4,5,7
2385,4.5,48,18,11,5,5,7
2168,4.7,48,20,10,4,6,7
604,4.5,48,19,10,4,6,7
2688,4.4,48,18,11,5,6,7
562,4.5,48,18,11,5,6,7
1258,4.7,48,18,11,4,6,7
1874,4.8,48,17,11,5,6,7
1931,4.8,48,17,11,4,6,7
1400,4.7,48,19,9,5,7,7
2839,4.9,48,18,11,3,7,7
2365,4.6,48,17,10,5,7,7
2287,5.1,48,20,10,3,5,8
2487,5.1,48,19,10,5,5,8
77,4.8,48,18,11,5,5,8
1813,5.2,48,20,9,4,6,8
2552,4.9,48,19,9,4,6,8
2214,5.2,48,18,10,5,6,8
1516,5.3,48,18,9,5,6,8
1788,5.1,48,18,10,4,7,8
2570,5.3,48,18,10,4,7,8
1267,5.5,48,18,9,4,7,8
2072,5.1,48,17,9,4,7,8
2471,5.1,48,16,11,4,7,8
237,5.1,48,20,9,4,5,9
1070,5.3,48,19,9,4,5,9
2461,5.1,48,18,10,4,5,9
1822,5.6,48,16,11,4,5,9
2533,5.4,48,17,10,4,6,9
1491,5.4,48,17,9,5,6,9
2549,5.4,48,16,11,4,6,9
1768,5.6,48,15,12,4,6,9
1766,5.8,48,15,11,4,6,10
1456,3.5,49,22,11,4,6,4
1649,3.6,49,23,11,4,5,5
152,3.9,49,21,11,6,5,5
2619,4.1,49,20,10,6,6,5
708,3.8,49,24,9,4,4,6
2876,4.0,49,21,12,4,4,6
2353,3.9,49,21,12,4,5,6
670,4.3,49,21,10,5,5,6
251,4.2,49,20,11,5,6,6
393,4.2,49,20,11,5,6,6
944,4.3,49,20,11,5,6,6
2522,4.2,49,19,12,4,6,6
2781,4.5,49,19,12,4,6,6
1865,4.2,49,19,11,6,6,6
1374,4.3,49,19,11,5,6,6
2652,4.2,49,18,11,6,6,6
2592,4.4,49,20,10,4,7,6
2464,4.4,49,21,12,4,5,7
2384,4.4,49,21,12,3,5,7
649,4.3,49,21,10,4,5,7
1268,4.6,49,19,11,5,5,7
1701,4.6,49,19,11,4,5,7
1571,4.8,49,20,11,4,6,7
2335,4.4,49,19,11,4,6,7
1597,4.7,49,19,11,4,6,7
1079,4.6,49,19,10,5,6,7
866,4.8,49,19,10,5,6,7
1579,4.5,49,19,10,4,6,7
537,4.7,49,18,12,4,6,7
2654,4.7,49,18,11,4,6,7
1573,5.0,49,18,11,5,7,7
2183,4.8,49,18,10,5,7,7
1842,4.7,49,20,10,5,5,8
2527,4.9,49,20,10,4,5,8
343,4.8,49,19,10,5,5,8
2726,4.5,49,18,12,6,5,8
977,4.8,49,20,10,4,6,8
429,4.8,49,19,11,4,6,8
547,4.8,49,19,10,5,6,8
2389,5.0,49,19,10,5,6,8
195,5.1,49,19,9,5,7,8
2853,5.1,49,16,11,5,8,8
939,5.0,49,20,9,4,5,9
355,5.4,49,19,11,4,5,9
114,5.5,49,17,11,5,5,9
580,5.2,49,19,9,4,6,9
1935,5.3,49,18,10,5,6,9
1977,5.4,49,18,10,5,6,9
1003,5.2,49,18,10,4,7,9
2336,4.9,49,17,10,4,7,9
1135,5.6,49,16,10,4,7,9
2465,3.9,50,21,11,6,5,5
1310,4.0,50,20,12,5,6,5
1949,3.9,50,20,11,6,6,5
2801,4.1,50,21,11,4,7,5
118,4.0,50,20,12,6,4,6
2516,3.9,50,23,10,5,5,6
2077,4.0,50,21,11,5,5,6
1126,4.0,50,20,11,6,5,6
880,4.3,50,20,11,5,5,6
655,4.4,50,21,10,5,6,6
1039,4.2,50,20,12,5,6,6
622,4.1,50,20,11,5,6,6
1287,4.3,50,20,11,5,6,6
1546,4.2,50,20,11,4,6,6
2352,4.2,50,20,10,7,6,6
1009,4.3,50,20,10,6,6,6
2873,4.1,50,18,13,6,6,6
416,4.3,50,19,11,6,7,6
2518,4.6,50,18,12,5,7,6
1005,4.5,50,17,12,5,8,6
1180,4.3,50,20,12,5,4,7
715,4.3,50,20,12,4,4,7
2474,4.7,50,21,12,4,5,7
217,4.3,50,21,11,4,5,7
269,4.4,50,20,11,5,5,7
1953,4.3,50,20,11,4,5,7
2333,4.7,50,21,9,5,6,7
507,4.2,50,20,11,5,6,7
170,4.8,50,20,11,4,6,7
1586,4.5,50,20,10,5,6,7
996,4.6,50,19,12,3,6,7
2476,4.5,50,19,11,6,6,7
759,4.6,50,19,11,5,6,7
1826,4.5,50,19,12,5,7,7
1131,4.6,50,18,12,4,8,7
2650,4.8,50,20,10,5,5,8
1421,4.8,50,18,11,6,5,8
2091,4.9,50,21,10,3,6,8
1189,4.9,50,19,12,3,6,8
2387,4.9,50,18,11,6,6,8
259,4.8,50,18,11,5,6,8
358,4.6,50,20,9,5,7,8
1188,5.0,50,18,10,5,7,8
2493,5.0,50,15,12,6,7,8
948,5.1,50,19,10,5,5,9
36,4.8,50,20,10,4,6,9
1095,4.9,50,19,10,4,6,9
573,5.0,50,19,10,4,6,9
1170,5.3,50,18,11,4,6,9
1251,5.5,50,18,11,4,8,9
614,5.6,50,18,9,5,6,10
2152,3.7,51,23,11,5,5,4
2675,3.6,51,22,13,4,5,5
1789,3.5,51,24,10,5,6,5
2890,4.1,51,22,11,4,6,6
1673,4.0,51,20,12,5,6,6
1364,4.0,51,20,12,5,7,6
650,4.2,51,20,12,5,7,6
1217,4.4,51,19,11,5,7,6
159,4.3,51,17,13,7,7,6
1554,4.5,51,22,9,5,5,7
835,4.2,51,21,11,5,5,7
1784,4.2,51,20,13,6,5,7
1613,4.6,51,20,10,6,5,7
1112,4.5,51,23,10,3,6,7
889,4.5,51,21,11,5,6,7
843,4.7,51,21,11,5,6,7
845,4.4,51,21,11,4,6,7
1560,4.5,51,20,10,6,6,7
406,4.5,51,21,10,4,7,7
1924,4.4,51,20,11,5,7,7
122,4.8,51,20,11,5,7,7
512,4.3,51,20,11,4,7,7
214,4.8,51,20,10,4,7,7
2265,5.0,51,19,10,5,8,7
1243,4.9,51,22,10,4,5,8
1141,4.7,51,22,9,5,5,8
1259,4.7,51,21,11,5,5,8
1774,4.6,51,20,11,5,5,8
301,4.5,51,21,11,4,6,8
1974,5.0,51,21,10,4,6,8
2328,4.6,51,20,11,4,6,8
1485,4.7,51,19,12,5,6,8
128,5.2,51,19,11,5,6,8
2172,5.0,51,19,12,4,7,8
2543,4.7,51,18,11,6,7,8
958,4.9,51,18,11,5,7,8
2289,5.2,51,18,11,5,6,9
280,5.3,51,20,10,4,7,9
445,5.7,51,19,9,5,7,9
430,5.4,51,18,11,4,7,10
738,5.5,51,18,10,4,7,10
1955,6.1,51,17,10,5,7,11
1103,6.1,51,17,10,4,7,11
30,3.7,52,23,12,5,6,5
527,3.8,52,22,11,5,6,5
2453,3.8,52,22,11,5,6,5
318,4.2,52,21,13,5,5,6
250,4.4,52,23,10,4,6,6
2785,4.4,52,21,11,6,7,6
2373,4.4,52,20,12,5,7,6
1440,4.2,52,20,11,6,7,6
2053,4.4,52,20,11,6,7,6
288,4.4,52,21,12,5,5,7
2182,4.3,52,21,12,4,5,7
228,4.6,52,21,11,5,6,7
2805,4.4,52,21,10,6,6,7
852,4.3,52,21,11,5,7,7
1951,4.4,52,20,12,4,7,7
2532,4.7,52,20,11,5,7,7
335,4.7,52,18,14,4,7,7
2141,4.4,52,20,11,5,8,7
2055,4.6,52,19,11,6,9,7
927,4.5,52,21,11,6,5,8
1475,4.6,52,21,11,5,5,8
967,4.8,52,20,12,4,6,8
2551,4.8,52,20,9,6,6,8
929,5.0,52,20,11,4,7,8
476,5.1,52,19,11,5,7,8
1383,5.1,52,19,11,5,7,8
2286,5.0,52,19,10,5,7,8
2326,4.8,52,18,13,4,7,8
2818,5.0,52,18,12,5,7,8
1565,4.9,52,19,12,4,8,8
427,5.1,52,22,10,4,6,9
2016,4.7,52,21,11,4,6,9
2201,5.4,52,19,11,4,7,9
1570,5.2,52,18,11,5,7,9
776,5.3,52,21,10,4,5,10
126,5.3,52,19,11,4,7,10
1059,3.7,53,22,12,6,6,5
2662,3.9,53,23,12,5,5,6
2247,4.1,53,23,11,6,5,6
1612,3.9,53,22,12,4,6,6
1199,3.9,53,21,13,6,6,6
2076,4.3,53,23,11,5,5,7
1398,4.3,53,22,11,5,6,7
620,4.6,53,21,12,5,6,7
1242,4.5,53,21,12,4,6,7
1946,4.4,53,21,11,6,6,7
608,4.4,53,20,13,6,6,7
1240,4.7,53,21,11,6,7,7
2252,4.3,53,21,11,5,7,7
915,4.3,53,20,13,4,7,7
1817,4.3,53,20,12,5,7,7
646,4.6,53,19,13,5,7,7
2738,4.8,53,18,13,7,7,7
1476,4.4,53,20,11,5,8,7
171,4.7,53,22,11,5,5,8
443,4.8,53,22,11,5,5,8
824,4.7,53,21,13,4,6,8
44,4.9,53,20,12,5,6,8
772,4.9,53,20,11,5,6,8
750,4.7,53,19,12,6,6,8
216,4.8,53,18,12,7,6,8
385,4.8,53,20,12,6,7,8
375,4.8,53,20,12,5,7,8
2218,4.7,53,20,12,4,7,8
2210,4.8,53,20,12,4,7,8
1811,4.9,53,20,10,5,7,8
2277,4.6,53,19,13,4,7,8
1816,4.7,53,19,12,4,7,8
6,5.1,53,19,11,6,7,8
365,4.7,53,19,12,5,8,8
1011,4.8,53,18,12,6,8,8
791,4.8,53,21,12,4,5,9
278,4.9,53,21,11,5,6,9
172,5.2,53,21,11,4,6,9
1711,5.2,53,21,10,4,6,9
346,5.2,53,20,13,4,6,9
2060,5.0,53,20,11,5,6,9
1776,5.2,53,20,11,5,6,9
785,5.3,53,20,11,5,7,9
1786,5.0,53,20,11,4,7,9
1926,5.0,53,19,11,5,7,9
2176,5.3,53,20,12,5,6,10
1370,5.6,53,19,11,5,6,10
2241,5.3,53,17,13,5,7,10
1653,4.1,54,22,11,6,7,5
1678,4.0,54,24,12,5,5,6
2036,4.0,54,21,15,5,6,6
2331,3.9,54,21,14,5,6,6
1877,4.2,54,21,11,8,6,6
777,4.3,54,23,11,5,7,6
644,4.2,54,20,14,6,5,7
5,4.4,54,22,11,5,6,7
1209,4.4,54,21,12,5,6,7
451,4.6,54,21,12,5,6,7
991,4.6,54,21,12,5,6,7
1306,4.3,54,21,11,6,6,7
570,4.6,54,20,12,7,6,7
176,4.4,54,21,12,5,7,7
1190,4.4,54,21,11,6,7,7
1828,4.4,54,20,13,6,7,7
1074,4.6,54,20,11,5,8,7
818,4.7,54,22,12,4,5,8
871,4.7,54,21,13,5,5,8
246,4.8,54,20,13,6,6,8
1667,4.6,54,19,12,7,6,8
362,4.7,54,22,12,4,7,8
515,4.7,54,21,12,5,7,8
142,4.8,54,21,12,5,7,8
467,4.7,54,21,11,5,7,8
2807,4.8,54,21,11,5,7,8
1008,4.6,54,19,11,6,7,8
2074,4.9,54,22,12,4,6,9
2834,5.0,54,21,11,5,6,9
1000,4.8,54,20,12,5,6,9
1843,5.0,54,20,12,5,6,9
2573,5.0,54,20,12,5,6,9
1092,5.0,54,21,10,5,7,9
954,5.0,54,20,12,4,7,9
2098,4.8,54,19,12,4,7,9
1169,5.2,54,19,11,6,7,9
589,5.1,54,21,10,5,8,9
19,5.1,54,19,11,6,8,9
437,5.3,54,19,11,5,8,9
1752,5.1,54,18,12,5,8,9
469,5.2,54,21,11,4,6,10
1507,5.2,54,21,9,4,7,10
419,5.4,54,18,13,4,7,10
2558,5.5,54,18,10,6,8,10
2344,5.7,54,18,10,5,9,10
1356,5.9,54,18,11,5,6,11
2666,5.8,54,19,11,5,7,11
2375,6.1,54,17,12,5,7,12
2211,3.8,55,22,13,6,7,5
983,3.9,55,23,13,5,6,6
1033,4.0,55,23,12,5,7,6
175,4.2,55,23,12,5,7,6
2643,4.2,55,23,12,5,6,7
413,4.1,55,23,12,4,6,7
1085,4.4,55,23,11,6,6,7
1198,4.2,55,22,13,5,6,7
1121,4.2,55,22,12,6,6,7
189,4.2,55,24,11,4,7,7
1174,4.4,55,22,12,6,7,7
105,4.3,55,21,12,6,7,7
192,4.5,55,21,12,6,7,7
374,4.5,55,23,12,5,6,8
628,4.5,55,21,12,5,6,8
2860,4.8,55,21,11,5,7,8
463,4.8,55,19,14,5,7,8
1859,4.6,55,19,13,7,7,8
627,4.7,55,22,12,5,5,9
488,4.7,55,21,13,5,6,9
9,4.8,55,21,12,5,6,9
1530,5.1,55,20,11,6,6,9
121,4.8,55,22,11,6,7,9
892,4.9,55,21,12,5,7,9
1278,4.9,55,20,13,5,7,9
1986,5.0,55,18,13,6,7,9
247,5.1,55,20,13,4,8,9
898,5.2,55,20,12,5,7,10
2606,5.2,55,20,11,5,7,10
178,5.3,55,20,11,5,7,10
854,5.3,55,20,11,5,7,10
1320,5.6,55,19,11,6,7,10
2243,5.5,55,19,11,6,8,10
112,3.6,56,22,13,7,8,5
2332,3.8,56,24,13,5,5,6
2451,3.9,56,24,12,5,6,6
2628,4.1,56,24,13,4,7,6
677,4.2,56,22,13,6,6,7
2397,4.3,56,22,13,6,6,7
1909,4.1,56,22,13,5,7,7
1558,4.8,56,18,13,8,8,7
234,4.3,56,22,14,6,5,8
409,4.6,56,21,12,7,6,8
598,4.9,56,20,13,5,7,8
876,4.7,56,21,12,6,8,8
850,4.7,56,20,13,5,8,8
2842,5.0,56,22,12,5,5,9
271,5.1,56,21,12,6,6,9
1347,4.8,56,22,11,6,7,9
1759,4.5,56,21,12,5,7,9
154,5.0,56,20,14,5,7,9
431,4.9,56,20,13,4,8,9
1474,5.0,56,23,11,6,5,10
1337,5.2,56,22,12,4,5,10
872,5.2,56,21,12,5,7,10
2779,5.2,56,21,11,4,7,10
350,5.4,56,20,12,5,6,11
2209,4.0,57,23,13,6,7,6
2597,4.1,57,24,11,7,6,7
1314,4.2,57,23,13,5,7,7
182,4.3,57,23,12,6,7,7
696,4.5,57,21,12,6,9,7
1036,4.1,57,25,12,5,5,8
2635,4.7,57,23,12,6,6,8
1389,4.2,57,22,13,7,6,8
2323,4.4,57,21,15,6,6,8
67,4.6,57,23,13,5,7,8
797,5.0,57,23,10,7,7,8
2590,4.5,57,22,12,6,7,8
1080,4.6,57,21,13,6,7,8
435,4.8,57,21,11,7,8,8
74,4.8,57,23,12,6,6,9
2780,4.9,57,22,12,5,7,9
2066,5.0,57,22,12,5,7,9
757,5.1,57,21,13,5,7,9
1426,4.9,57,21,12,5,7,9
68,4.9,57,21,11,7,7,9
1496,5.2,57,22,12,6,6,10
347,4.9,57,22,11,6,6,10
324,5.2,57,19,13,6,7,10
2000,5.5,57,22,10,6,8,10
761,5.5,57,21,11,5,8,10
2484,5.2,57,21,11,4,9,10
1492,5.5,57,20,12,6,7,11
1375,5.8,57,20,10,5,7,11
31,5.5,57,19,12,5,8,11
1072,5.8,57,17,11,6,10,11
1076,4.1,58,23,15,6,5,7
2806,4.2,58,23,13,6,6,7
462,4.1,58,23,12,6,6,7
2364,4.0,58,23,14,5,8,7
1043,4.2,58,21,13,7,8,7
157,4.3,58,24,12,6,6,8
930,4.2,58,22,14,6,6,8
751,4.6,58,24,13,5,7,8
2275,4.2,58,23,13,6,7,8
1048,4.3,58,23,12,6,7,8
2673,4.8,58,21,13,7,7,8
2292,4.6,58,23,13,4,8,8
886,4.6,58,21,14,5,9,8
807,4.8,58,22,14,6,7,9
1303,5.1,58,20,14,5,7,9
1002,5.0,58,21,13,5,8,9
185,4.8,58,20,13,7,8,9
1380,4.9,58,20,13,6,8,9
2449,5.2,58,18,14,6,9,9
155,4.8,58,23,13,6,6,10
2215,5.3,58,21,13,5,7,10
198,5.6,58,20,14,5,7,10
207,5.3,58,22,11,5,8,10
372,5.3,58,20,13,5,8,10
558,5.2,58,19,13,7,8,10
1690,5.4,58,19,12,7,8,10
1047,5.3,58,18,14,6,8,10
940,5.5,58,21,12,4,9,10
937,5.4,58,20,13,4,7,11
1556,5.7,58,19,13,5,8,11
18,6.4,58,18,12,5,8,13
2010,3.6,59,25,14,5,6,6
2325,4.3,59,24,12,7,6,8
2037,4.3,59,23,14,6,7,8
2789,4.8,59,23,13,6,7,8
1196,4.7,59,21,14,7,7,8
1236,4.3,59,23,15,5,8,8
1379,4.8,59,23,12,6,8,8
2788,4.6,59,24,13,5,6,9
918,4.8,59,22,14,6,6,9
2143,4.6,59,23,13,5,7,9
1153,4.6,59,22,15,5,7,9
2580,4.6,59,22,13,7,7,9
2682,4.6,59,22,13,6,7,9
2219,4.7,59,21,13,6,7,9
2477,4.8,59,22,13,7,8,9
955,5.2,59,22,12,6,8,9
177,4.9,59,22,12,5,8,9
83,5.1,59,20,15,5,8,9
998,4.8,59,24,12,5,6,10
2302,5.0,59,22,14,6,6,10
728,5.1,59,22,14,5,6,10
1465,4.9,59,23,13,5,7,10
973,5.1,59,21,13,6,7,10
510,5.2,59,21,13,6,7,10
1037,5.2,59,21,13,5,7,10
1412,5.0,59,19,14,5,8,10
1221,5.9,59,19,13,6,8,11
1494,4.2,60,26,13,6,7,7
2258,4.6,60,23,14,6,7,8
1644,4.6,60,24,13,4,8,8
80,4.7,60,23,13,5,8,8
274,4.5,60,22,13,6,10,8
844,4.5,60,25,14,5,6,9
60,4.7,60,25,12,5,7,9
405,4.8,60,22,13,8,7,9
1827,4.7,60,25,12,5,8,9
1402,4.8,60,23,14,5,8,9
377,5.0,60,23,14,6,7,10
1594,4.8,60,23,13,7,7,10
1114,5.2,60,22,12,6,8,10
468,4.9,60,21,13,7,8,10
1289,5.2,60,21,13,5,9,10
634,5.2,60,20,13,6,9,10
526,5.2,60,19,15,6,9,10
164,5.5,60,18,14,6,9,11
308,3.9,61,25,14,6,8,6
1638,4.2,61,25,13,6,8,8
2703,4.4,61,23,14,7,8,8
144,4.8,61,23,12,7,8,8
230,4.6,61,25,13,5,7,9
1846,4.8,61,23,14,6,8,9
640,4.9,61,23,14,6,8,9
1203,4.6,61,22,14,6,8,9
2655,5.1,61,20,14,6,10,9
475,4.8,61,22,15,6,6,10
2413,5.4,61,21,13,7,9,10
359,5.6,61,19,14,6,10,11
884,5.9,61,20,13,6,7,13
90,6.1,61,20,12,7,8,13
42,6.2,61,20,13,5,8,15
2239,4.1,62,25,14,6,8,7
1327,4.1,62,23,13,8,10,7
204,4.2,62,25,15,6,6,8
1418,4.3,62,24,16,5,7,8
769,4.6,62,23,14,6,8,8
1127,4.6,62,23,13,7,8,8
1365,4.4,62,22,14,7,9,8
1715,4.6,62,25,13,6,6,9
440,4.8,62,24,14,6,7,9
1231,4.6,62,25,13,7,8,9
422,4.9,62,25,13,6,8,9
2106,4.8,62,22,13,7,9,9
1675,4.7,62,25,13,6,7,10
1658,4.9,62,24,13,6,7,10
1708,5.1,62,24,14,5,8,10
830,5.1,62,23,13,6,9,10
926,5.3,62,22,13,4,10,10
2278,5.3,62,24,12,6,7,11
258,5.7,62,18,15,7,9,11
945,6.3,62,20,12,6,8,14
361,4.4,63,24,15,6,8,8
1541,4.5,63,23,14,7,8,8
2575,4.5,63,22,15,7,8,8
1572,4.6,63,23,15,7,8,9
972,4.8,63,23,13,7,9,9
951,4.6,63,25,13,7,7,10
2625,4.9,63,24,15,6,7,10
379,5.1,63,24,13,5,8,10
1152,5.3,63,23,13,6,8,10
881,5.1,63,22,16,5,8,10
421,5.1,63,22,15,5,9,10
141,5.4,63,23,13,6,8,11
633,5.2,63,22,13,7,9,11
1226,4.4,64,23,14,7,10,8
2222,4.2,64,28,15,5,5,9
771,4.2,64,25,15,6,8,9
51,4.8,64,20,16,6,10,9
1261,4.7,64,24,15,6,7,10
8,4.8,64,24,14,7,7,10
517,4.6,64,26,14,6,8,10
504,4.9,64,24,13,7,8,10
625,4.9,64,23,14,7,8,10
1800,5.0,64,23,14,6,9,10
2334,5.4,64,22,13,7,8,11
727,5.1,64,24,14,4,9,11
869,5.3,64,22,15,5,9,11
833,6.2,64,20,12,6,9,14
402,4.5,65,23,16,6,9,9
2415,4.5,65,22,16,8,9,9
2042,4.7,65,25,14,6,8,10
801,4.8,65,24,16,6,8,10
916,4.9,65,24,14,7,8,10
919,4.9,65,25,14,6,9,10
1423,5.0,65,22,15,8,9,10
1695,4.8,65,23,15,5,10,10
873,5.3,65,22,14,6,9,12
264,5.3,65,24,12,5,10,12
645,5.7,65,21,14,7,8,13
436,4.5,66,25,16,7,7,9
340,4.7,66,26,16,6,8,9
1378,4.3,66,26,15,7,8,9
392,4.8,66,25,15,6,9,9
1041,4.8,66,23,14,8,9,9
1948,4.5,66,24,15,7,10,9
1354,4.5,66,25,15,7,7,10
232,4.9,66,24,16,7,8,10
57,5.1,66,24,14,7,8,10
1369,4.8,66,26,13,7,9,10
842,5.0,66,24,15,6,7,11
89,4.9,66,26,15,5,8,11
263,5.0,66,25,14,6,8,11
851,5.1,66,25,12,8,8,11
39,5.0,66,24,13,7,9,11
1531,5.3,66,24,15,7,7,12
1372,5.3,66,25,12,7,8,12
439,5.6,66,21,15,8,9,12
2678,4.4,67,26,15,7,8,9
426,4.6,67,26,15,6,8,9
924,4.2,67,25,15,8,9,9
658,4.7,67,22,16,7,10,10
184,5.8,67,21,14,6,10,13
980,5.9,67,21,15,7,8,14
1642,4.5,68,26,15,6,10,9
85,4.7,68,23,16,7,10,10
243,5.3,68,24,15,6,10,12
215,4.2,69,27,16,8,7,9
59,4.7,69,27,18,5,8,9
428,4.8,69,24,16,7,9,11
917,5.2,69,24,16,6,9,11
529,5.5,69,23,16,6,9,12
2732,4.0,70,28,17,5,10,8
1062,4.7,70,27,13,9,8,11
233,4.9,70,24,16,7,10,11
344,5.3,70,25,16,6,9,13
643,5.8,70,22,13,8,9,15
316,4.6,71,28,16,6,9,10
1778,4.7,71,24,17,8,8,11
208,5.0,71,27,15,8,9,11
410,5.2,71,25,16,7,9,12
2513,4.7,72,26,17,8,9,10
689,4.8,72,27,15,8,9,11
104,5.2,72,23,18,8,9,12
1094,5.4,72,23,16,8,9,13
323,5.2,72,24,16,7,10,13
33,5.3,72,24,16,6,10,13
1186,5.0,73,26,17,7,8,12
181,4.3,74,29,19,7,8,9
399,5.0,74,27,18,6,10,12
163,4.9,74,26,16,8,10,12
483,5.0,74,26,17,7,9,13
1054,5.2,74,25,17,8,10,13
38,6.4,74,22,16,8,10,16
395,5.4,75,25,18,7,9,15
209,4.7,76,28,17,7,11,11
174,5.5,76,23,16,9,12,13
500,5.2,76,25,18,6,11,14
11,4.5,77,28,19,8,11,10
56,5.3,77,28,17,8,9,13
273,5.3,77,27,18,6,9,15
363,3.9,78,32,17,10,10,8
1950,4.5,78,27,21,9,9,10
354,5.2,78,26,17,8,13,12
167,5.5,78,27,17,7,10,15
1434,5.7,78,22,17,9,12,15
1952,5.2,80,25,21,7,11,14
231,5.2,82,26,18,9,13,13
84,5.4,84,27,20,9,11,15
420,4.7,85,30,20,10,11,12
2774,5.3,86,28,19,9,11,16
69,5.7,90,28,22,8,13,17
339,5.7,95,30,22,10,15,18
2716,5.2,108,33,26,13,16,18
2695,5.2,109,36,26,12,14,19
